{
    "now": "2024-12-05T17:42:57.852Z",
    "perfNow": 28665.29999998212,
    "diagnosticCorrelation": "8952e3f2-0f9a-4c54-ac66-c0c0c6f01fe4",
    "source": "DownloadSupportFiles",
    "environment": {
        "productName": "adf",
        "buildVersion": "1.0.110124.1",
        "environmentType": 3,
        "resourceName": "ad-wo-df-proj",
        "resourceRegion": "germanywestcentral",
        "resourceGroup": "ADVENTURE_WORKS",
        "subscriptionId": "9c383d86-9458-48a5-b7e8-578124a92ff4",
        "sessionId": "vlFT91AoPhfJhIDbLQzLYc",
        "operationId": "",
        "gitType": "live",
        "loggingKey": "ba0ed189-b597-4338-afaa-4357e31336e8"
    },
    "additionalInfo": {
        "selectedResource": "ds_http_adwo",
        "selectedResourceType": "dataset"
    }
}