{
    "name": "ds_http_adwo",
    "properties": {
        "linkedServiceName": {
            "referenceName": "HttpLinkedService",
            "type": "LinkedServiceReference"
        },
        "parameters": {
            "p_rel_url": {
                "type": "String"
            }
        },
        "annotations": [],
        "type": "DelimitedText",
        "typeProperties": {
            "location": {
                "type": "HttpServerLocation",
                "relativeUrl": {
                    "value": "@dataset().p_rel_url",
                    "type": "Expression"
                }
            },
            "columnDelimiter": ",",
            "escapeChar": "\\",
            "firstRowAsHeader": true,
            "quoteChar": "\""
        },
        "schema": []
    },
    "type": "Microsoft.DataFactory/factories/datasets"
}