{
    "now": "2024-12-05T17:43:00.232Z",
    "perfNow": 31046.09999999404,
    "diagnosticCorrelation": "39355e77-5d81-44e1-bd8e-b507fe4db475",
    "source": "DownloadSupportFiles",
    "environment": {
        "productName": "adf",
        "buildVersion": "1.0.110124.1",
        "environmentType": 3,
        "resourceName": "ad-wo-df-proj",
        "resourceRegion": "germanywestcentral",
        "resourceGroup": "ADVENTURE_WORKS",
        "subscriptionId": "9c383d86-9458-48a5-b7e8-578124a92ff4",
        "sessionId": "vlFT91AoPhfJhIDbLQzLYc",
        "operationId": "",
        "gitType": "live",
        "loggingKey": "ba0ed189-b597-4338-afaa-4357e31336e8"
    },
    "additionalInfo": {
        "selectedResource": "ds_raw",
        "selectedResourceType": "dataset"
    }
}