{
    "now": "2024-12-05T17:42:41.685Z",
    "perfNow": 12497.90000000596,
    "diagnosticCorrelation": "2ff70db0-5558-43a9-8c39-e65b946fd85e",
    "source": "DownloadSupportFiles",
    "environment": {
        "productName": "adf",
        "buildVersion": "1.0.110124.1",
        "environmentType": 3,
        "resourceName": "ad-wo-df-proj",
        "resourceRegion": "germanywestcentral",
        "resourceGroup": "ADVENTURE_WORKS",
        "subscriptionId": "9c383d86-9458-48a5-b7e8-578124a92ff4",
        "sessionId": "vlFT91AoPhfJhIDbLQzLYc",
        "operationId": "",
        "gitType": "live",
        "loggingKey": "ba0ed189-b597-4338-afaa-4357e31336e8"
    },
    "additionalInfo": {
        "selectedResource": "DynamicGitToRaw",
        "selectedResourceType": "pipeline"
    }
}