{
    "name": "DynamicGitToRaw",
    "properties": {
        "activities": [
            {
                "name": "GitLoop",
                "type": "ForEach",
                "dependsOn": [
                    {
                        "activity": "GitLookup",
                        "dependencyConditions": [
                            "Succeeded"
                        ]
                    }
                ],
                "userProperties": [],
                "typeProperties": {
                    "items": {
                        "value": "@activity('GitLookup').output.value",
                        "type": "Expression"
                    },
                    "isSequential": true,
                    "activities": [
                        {
                            "name": "DynamicGitToRaw",
                            "type": "Copy",
                            "dependsOn": [],
                            "policy": {
                                "timeout": "0.12:00:00",
                                "retry": 0,
                                "retryIntervalInSeconds": 30,
                                "secureOutput": false,
                                "secureInput": false
                            },
                            "userProperties": [],
                            "typeProperties": {
                                "source": {
                                    "type": "DelimitedTextSource",
                                    "storeSettings": {
                                        "type": "HttpReadSettings",
                                        "requestMethod": "GET",
                                        "requestTimeout": ""
                                    },
                                    "formatSettings": {
                                        "type": "DelimitedTextReadSettings"
                                    }
                                },
                                "sink": {
                                    "type": "DelimitedTextSink",
                                    "storeSettings": {
                                        "type": "AzureBlobFSWriteSettings"
                                    },
                                    "formatSettings": {
                                        "type": "DelimitedTextWriteSettings",
                                        "quoteAllText": true,
                                        "fileExtension": ".txt"
                                    }
                                },
                                "enableStaging": false,
                                "translator": {
                                    "type": "TabularTranslator",
                                    "typeConversion": true,
                                    "typeConversionSettings": {
                                        "allowDataTruncation": true,
                                        "treatBooleanAsNumber": false
                                    }
                                }
                            },
                            "inputs": [
                                {
                                    "referenceName": "ds_http_adwo",
                                    "type": "DatasetReference",
                                    "parameters": {
                                        "p_rel_url": {
                                            "value": "@item().p_rel_url",
                                            "type": "Expression"
                                        }
                                    }
                                }
                            ],
                            "outputs": [
                                {
                                    "referenceName": "ds_raw",
                                    "type": "DatasetReference",
                                    "parameters": {
                                        "p_sink_folder": {
                                            "value": "@item().p_sink_folder",
                                            "type": "Expression"
                                        },
                                        "p_file_name": {
                                            "value": "@item().p_file_name",
                                            "type": "Expression"
                                        }
                                    }
                                }
                            ]
                        }
                    ]
                }
            },
            {
                "name": "GitLookup",
                "type": "Lookup",
                "dependsOn": [],
                "policy": {
                    "timeout": "0.12:00:00",
                    "retry": 0,
                    "retryIntervalInSeconds": 30,
                    "secureOutput": false,
                    "secureInput": false
                },
                "userProperties": [],
                "typeProperties": {
                    "source": {
                        "type": "JsonSource",
                        "storeSettings": {
                            "type": "AzureBlobFSReadSettings",
                            "recursive": true,
                            "enablePartitionDiscovery": false
                        },
                        "formatSettings": {
                            "type": "JsonReadSettings"
                        }
                    },
                    "dataset": {
                        "referenceName": "ds_git_parameters",
                        "type": "DatasetReference"
                    },
                    "firstRowOnly": false
                }
            }
        ],
        "annotations": [],
        "lastPublishTime": "2024-11-28T20:52:18Z"
    },
    "type": "Microsoft.DataFactory/factories/pipelines"
}