{
    "now": "2024-12-05T17:42:55.083Z",
    "perfNow": 25896.19999998808,
    "diagnosticCorrelation": "570db222-b427-4281-a6c5-402b50d9ab5f",
    "source": "DownloadSupportFiles",
    "environment": {
        "productName": "adf",
        "buildVersion": "1.0.110124.1",
        "environmentType": 3,
        "resourceName": "ad-wo-df-proj",
        "resourceRegion": "germanywestcentral",
        "resourceGroup": "ADVENTURE_WORKS",
        "subscriptionId": "9c383d86-9458-48a5-b7e8-578124a92ff4",
        "sessionId": "vlFT91AoPhfJhIDbLQzLYc",
        "operationId": "",
        "gitType": "live",
        "loggingKey": "ba0ed189-b597-4338-afaa-4357e31336e8"
    },
    "additionalInfo": {
        "selectedResource": "ds_git_parameters",
        "selectedResourceType": "dataset"
    }
}